-0.0009052157402038574,-0.0009052145760506392,0.0016531229484826326
-0.0011975490488111973,0.0011975503293797374,-0.001379357068799436
-0.001198060461319983,0.0011970389168709517,-0.0014335894957184792
-0.0011993646621704102,0.0011957180686295033,-0.001482583349570632
-0.00120170833542943,0.0011932826600968838,-0.0015269203577190638
-0.0012053382815793157,0.0011893558548763394,-0.0015672235749661922
0.0011846184497699142,-0.0012116217985749245,-0.0016041947528719902
0.0011776733445003629,0.0011749982368201017,0.001596481422893703
0.0011693501146510243,0.0011640250450000167,0.0015603877836838365
0.0011596656404435635,0.0011510062031447887,0.0015196468448266387
0.0011483549606055021,0.001136330422013998,0.001473630778491497
0.0011352014262229204,0.0011203575413674116,0.001421588589437306
0.0011200690641999245,0.0011034202761948109,0.0013625986175611615
0.0011029482120648026,0.0010858214227482677,0.0012955209240317345
0.0010839891619980335,-0.0013272905489429832,0.001218960853293538
0.001059565576724708,-0.0013450467959046364,0.0011671442771330476
0.0010290575446560979,-0.0013621067628264427,0.0011081951670348644
0.000992784509435296,-0.00137803191319108,0.0010415965225547552
-0.0014440679224207997,-0.001392427715472877,0.000966931227594614
-0.0014459514059126377,-0.0014459514059126377,-0.001572553301230073
-0.00147270318120718,-0.00147270318120718,-0.0015685673570260406
-0.0014988970942795277,-0.0014988970942795277,-0.0015646644169464707
-0.0015249395510181785,-0.0015249395510181785,-0.0015607840614393353
-0.001721265260130167,-0.001381365698762238,0.0007586340070702136
-0.0017890263115987182,-0.0013651615008711815,0.0007721367292106152
0.0005348015110939741,-0.0013429539976641536,0.0007879288168624043
0.0004612731863744557,-0.0013197195949032903,0.0008437697542831302
0.0003867256746161729,-0.0012961983447894454,0.0009030159562826157
-0.002082662656903267,-0.0012712377356365323,0.0009665788966231048
0.0002390289300819859,-0.0012401067651808262,0.0010001624468713999
0.0001687931944616139,-0.0012053906684741378,0.0010778249707072973
0.0001002931603579782,0.0012280213413760066,0.0010590411256998777
3.789901893469505e-05,0.0012708652066066861,0.0010382069740444422
-1.4116763850324787e-05,0.001318001770414412,0.001123283407650888
-5.861282261321321e-05,0.0013699221890419722,0.001105338567867875
-0.0005309879779815674,-0.0005309879779815674,-0.001708882860839367
0.0006779992836527526,0.0006779992836527526,-0.0016869783867150545
0.0006875217077322304,0.0006875217077322304,-0.0016855595167726278
0.0006944704218767583,0.0006944704218767583,-0.0016845240024849772
0.0006983053754083812,0.0006983053754083812,-0.001683952403254807
0.0006985855288803577,0.0006985855288803577,-0.0016839108429849148
0.0006949496455490589,0.0006949496455490589,-0.0016844526398926973
0.000687111634761095,0.000687111634761095,-0.0016856205184012651
-0.0005227017682045698,-0.0005227017682045698,-0.0017101175617426634
-0.0003026252961717546,-0.0007765162154100835,0.0013402263866737485
-0.0003247797430958599,-0.0007837593439035118,0.0013677995884791017
-0.0003445601323619485,0.0016108810668811202,0.0014002576936036348
0.0006282686954364181,0.0006282686954364181,-0.001694388105534017
0.0006167292594909668,0.0006256758933886886,-0.0016947740223258734
0.0006091105751693249,0.0006091105751693249,-0.0016972426092252135
-0.0006056595011614263,-0.0006056595011614263,-0.001697756815701723
-0.0004323720932006836,-0.0008236265275627375,0.0013630870962515473
-0.00045264841173775494,-0.0008440220262855291,0.0013761121081188321
-0.0004714250680990517,-0.0008571004727855325,0.001396275358274579
-0.0004883146029897034,0.001532320980913937,0.001423329347744584
0.00027347804279997945,0.0007587134605273604,-0.0016749519854784012
0.0002736675669439137,0.000741636729799211,-0.0016774965915828943
0.0002939808473456651,0.0006938910228200257,-0.0016846104990690947
-5.9072972362628207e-05,0.00022546529362443835,-0.0017544057918712497
-0.0007474529556930065,-0.0007474529556930065,-0.0016766296466812491
0.00039164305781014264,0.00044827460078522563,-0.0017212071688845754
-0.0005969858029857278,-0.0010292124934494495,0.0013508453266695142
0.00035063864197582006,0.00035063864197582006,-0.0017357548931613564
0.00031396865961141884,0.00031396865961141884,-0.0017412187298759818
-0.0006439578719437122,0.0011891919421032071,0.0013234670041128993
0.00023406147374771535,0.00023406147374771535,-0.001753124757669866
0.00019331097428221256,0.00019331097428221256,-0.0017591967480257154
-0.0006671166629530489,0.0009643882513046265,0.001257499447092414
0.00010680556442821398,0.00010680556442821398,-0.001772085903212428
6.360888801282272e-05,6.360888801282272e-05,-0.0017785225063562393
-0.0006553655839525163,0.0006911081145517528,0.0011486727744340897
-2.4725199182284996e-05,-2.4725199182284996e-05,-0.0017843160312622786
-6.725549610564485e-05,-6.725549610564485e-05,-0.0017779790796339512
-0.00011016130156349391,-0.00011016130156349391,-0.0017715860158205032
-0.00015203475777525455,-0.00015203475777525455,-0.0017653469694778323
-0.00019125819380860776,-0.00019125819380860776,-0.0017595025710761547
-0.00022598147916141897,-0.00022598147916141897,-0.001754328841343522
-0.00025413514231331646,-0.00025413514231331646,-0.0017501339316368103
-0.0013819694286212325,-0.0003199839557055384,-0.000958528311457485
-0.00028112411382608116,-0.00028112411382608116,-0.0017461125971749425
-0.00027523637982085347,-0.00027523637982085347,-0.0017469899030402303
-0.0014509379398077726,-0.0014509379398077726,-0.0015718103386461735
-0.0002132868830813095,-0.0002132868830813095,-0.0017562203574925661
-0.00015191554848570377,-0.00015191554848570377,-0.00176536466460675
-6.640911306021735e-05,-6.640911306021735e-05,-0.0017781051574274898
4.578947846312076e-05,4.578947846312076e-05,-0.0017811774741858244
0.00018300772353541106,0.00018300772353541106,-0.0017607319168746471
0.0003413498343434185,0.0003413498343434185,-0.0017371389549225569
-0.0006782066775485873,-0.0006782066775485873,-0.0016869473038241267
0.0007147288415580988,0.0007147288415580988,-0.0016815054696053267
-0.00027223466895520687,-0.00027223466895520687,-0.0017474371707066894
0.00053545949049294,-0.0006334686186164618,-0.00017078305245377123
0.0001845264487201348,0.0001845264487201348,-0.0017605056054890156
0.00042249084799550474,0.00042249084799550474,-0.001725048990920186
0.0012608837569132447,6.55055046081543e-05,-0.00040377015830017626
0.001450935611501336,-0.0020414215978235006,-0.0005195990670472383
0.0015961944591253996,0.0006579291657544672,-0.00046129582915455103
0.0017054390627890825,-9.144306386588141e-05,-0.0005695062573067844
0.0017765510128811002,0.001296075526624918,-0.000679899356327951
0.001814157934859395,0.0016155577031895518,-0.0006860924186185002
0.0018223453080281615,-0.0004662799765355885,-0.0007500115898437798
0.0017904472770169377,0.002230861224234104,-0.0008645053021609783
0.0017320693004876375,0.0023090625181794167,-0.0009376528323628008
0.0016550255240872502,0.0003858029958792031,-0.0010058946209028363
0.0015489625511690974,0.0006299436208792031,-0.00112720497418195
0.0014137470861896873,0.0008497429080307484,-0.0012728990986943245
0.001796230091713369,0.001796230091713369,-0.0015203618677332997
0.0018224096857011318,0.0018224096857011318,-0.0015164610231295228
0.0023141049314290285,0.0023141049314290285,-0.0014431984163820744
0.0022696745581924915,0.0022696745581924915,-0.0014498186064884067
0.0022094619926065207,0.0022094619926065207,-0.0014587902696803212
0.0009380471892654896,0.0009380471892654896,-0.0016482312930747867
0.0008483529090881348,0.0008483529090881348,-0.0016615955391898751
0.0007416153093799949,0.0007416153093799949,-0.0016774993855506182
0.0006177723407745361,0.0006177723407745361,-0.0016959520289674401
0.0004769217921420932,0.0004769217921420932,-0.0017169388011097908
0.0003193318843841553,0.0003193318843841553,-0.0017404196551069617
0.0013430177932605147,0.0013430177932605147,-0.0015878904378041625
0.0011591649381443858,0.0011591649381443858,-0.001615284476429224
0.0009693729807622731,0.0009693729807622731,-0.0016435635043308139
0.0007760548614896834,0.0007760548614896834,-0.0016723679145798087
0.0005816697957925498,0.0005816697957925498,-0.0017013313481584191
-0.0005886805010959506,-0.0005886805010959506,-0.001700286753475666
0.001393888029269874,0.001393888029269874,-0.0015803107526153326
1.3352632777241524e-05,1.3352632777241524e-05,-0.0017860105726867914
0.0009248828864656389,0.0009248828864656389,-0.0016501921927556396
0.00088644860079512,0.00088644860079512,-0.0016559192445129156
0.0007550001027993858,0.0007550001027993858,-0.001675505074672401
0.0006494426634162664,0.0006494426634162664,-0.0016912327846512198
0.0005732345744036138,0.0005732345744036138,-0.0017025881679728627
0.0011975503293797374,0.0011975503293797374,-0.0015380190452560782
-0.0011975490488111973,0.0011975503293797374,-0.001379357068799436
-0.001198060461319983,0.0011970389168709517,-0.0014335894957184792
-0.0011993646621704102,0.0011957180686295033,-0.001482583349570632
-0.00120170833542943,0.0011932826600968838,-0.0015269203577190638
-0.0012053382815793157,0.0011893558548763394,-0.0015672235749661922
0.0011846184497699142,-0.0012116217985749245,-0.0016041947528719902
0.0011776733445003629,0.0011749982368201017,0.001596481422893703
0.0011693501146510243,0.0011640250450000167,0.0015603877836838365
0.0011596656404435635,0.0011510062031447887,0.0015196468448266387
0.0011483549606055021,0.001136330422013998,0.001473630778491497
0.0011352014262229204,0.0011203575413674116,0.001421588589437306
0.0011200690641999245,0.0011034202761948109,0.0013625986175611615
0.0011029482120648026,0.0010858214227482677,0.0012955209240317345
0.0010839891619980335,-0.0013272905489429832,0.001218960853293538
0.001059565576724708,-0.0013450467959046364,0.0011671442771330476
0.0010290575446560979,-0.0013621067628264427,0.0011081951670348644
0.000992784509435296,-0.00137803191319108,0.0010415965225547552
-0.0014440679224207997,-0.001392427715472877,0.000966931227594614
-0.0014459526864811778,-0.0014459526864811778,-0.0015725531848147511
-0.00147270318120718,-0.00147270318120718,-0.0015685673570260406
-0.0014988970942795277,-0.0014988970942795277,-0.0015646644169464707
-0.0015249395510181785,-0.0015249395510181785,-0.0015607840614393353
-0.001721265260130167,-0.001381365698762238,0.0007586340070702136
-0.0017890263115987182,-0.0013651615008711815,0.0007721362635493279
0.0005348015110939741,-0.0013429539976641536,0.0007879288750700653
0.0004612731863744557,-0.0013197195949032903,0.0008437698124907911
0.00038672686787322164,-0.0012961977627128363,0.0009030159562826157
-0.002082662656903267,-0.0012712377356365323,0.0009665788966231048
0.0002390289300819859,-0.0012401067651808262,0.001000162330456078
0.0001687931944616139,-0.0012053906684741378,0.0010778249707072973
0.0001002931603579782,0.0012280213413760066,0.0010590411256998777
3.789901893469505e-05,0.0012708652066066861,0.0010382069740444422
-1.4116763850324787e-05,0.0013180040987208486,0.0011232862016186118
-5.861282261321321e-05,0.0013699239352717996,0.0011053415946662426
-0.0005309868138283491,-0.0005309868138283491,-0.0017088830936700106
0.0006779992836527526,0.0006779992836527526,-0.001686978037469089
0.0006875217077322304,0.0006875217077322304,-0.0016855591675266623
0.0006944715860299766,0.0006944715860299766,-0.0016845237696543336
0.0006983077619224787,0.0006983077619224787,-0.0016839522868394852
0.0006985879153944552,0.0006985879153944552,-0.0016839104937389493
0.0006949520320631564,0.0006949520320631564,-0.0016844522906467319
0.0006871140212751925,0.0006871140212751925,-0.0016856200527399778
-0.0005226993816904724,-0.0005226993816904724,-0.0017101179109886289
-0.00030262410291470587,-0.0007765149930492043,0.0013402297627180815
-0.00032477735658176243,-0.0007837581797502935,0.001367802731692791
-0.00034455538843758404,0.0016108846757560968,0.0014002601383253932
0.0006282710819505155,0.0006282710819505155,-0.0016943877562880516
0.0006167244864627719,0.0006256854394450784,-0.0016947726253420115
0.0006091141840443015,0.0006091141840443015,-0.0016972420271486044
-0.0006056571146473289,-0.0006056571146473289,-0.0016977571649476886
-0.0004323685134295374,-0.0008236253052018583,0.0013630891917273402
-0.00045264483196660876,-0.0008440208621323109,0.0013761138543486595
-0.0004714202950708568,-0.000857098086271435,0.001396276755258441
-0.0004883098881691694,0.0015323240077123046,0.001423330744728446
0.0002734804293140769,0.0007587170694023371,-0.0016749512869864702
0.00027366995345801115,0.0007416391163133085,-0.0016774956602603197
0.00029398678452707827,0.0006938934093341231,-0.0016846099169924855
0.00033255814923904836,0.0006170904380269349,-0.0016960537759587169
-0.0007473075529560447,-0.0007473075529560447,-0.001676651299931109
0.0003994429134763777,0.0004410898545756936,-0.0017222777241840959
-0.0005965626332908869,-0.0010287154000252485,0.00134445505682379
0.0003512179828248918,0.0003512179828248918,-0.0017356687458232045
-0.0006303334375843406,0.001259597484022379,0.0013261233689263463
0.00028054119320586324,0.00028054119320586324,-0.001746199675835669
0.00024374842178076506,0.00024374842178076506,-0.0017516814405098557
-0.0006666648550890386,0.0003881961165461689,0.0012565141078084707
0.0001629412145121023,0.0001629412145121023,-0.001763722044415772
0.0001213395589729771,0.0001213395589729771,-0.0017699203453958035
7.610202010255307e-05,7.610202010255307e-05,-0.0017766609089449048
-0.0006760483956895769,0.0007321572047658265,0.0011088985484093428
-1.6849040548549965e-05,-1.6849040548549965e-05,-0.0017854896141216159
-0.0012594854924827814,-0.0012594854924827814,-0.0016003367491066456
-0.00010766029299702495,-0.00010766029299702495,-0.0017719586612656713
-0.0001528930733911693,-0.0001528930733911693,-0.0017652190290391445
-0.00019601940584834665,-0.00019601940584834665,-0.0017587932525202632
-0.00023515701468568295,-0.00023515701468568295,-0.0017529616598039865
-0.00026817084290087223,-0.00026817084290087223,-0.0017480426467955112
-0.0002926850283984095,-0.0002926850283984095,-0.0017443899996578693
-0.0003061008465010673,-0.0003061008465010673,-0.001742391032166779
-0.0003056156565435231,-0.0003056156565435231,-0.0017424633260816336
-0.00028828621725551784,-0.00028828621725551784,-0.001745045417919755
-0.0002510881458874792,-0.0002510881458874792,-0.0017505879513919353
-0.0001910197752295062,-0.0001910197752295062,-0.0017595381941646338
-0.00010522365482756868,-0.00010522365482756868,-0.0017723217606544495
8.697509656485636e-06,8.697509656485636e-06,-0.0017867041751742363
0.00014714359713252634,0.00014714359713252634,-0.001766075729392469
0.0003076243447139859,0.0003076243447139859,-0.0017421640222892165
-0.00070906279142946,-0.00070906279142946,-0.0016823497135192156
-0.0005102420109324157,-0.0005102420109324157,-0.0017119740368798375
0.0006226229597814381,0.0006226229597814381,-0.0016952293226495385
-6.95955750416033e-05,-6.95955750416033e-05,-0.0017776302993297577
0.0001666545867919922,0.0001666545867919922,-0.0017631686059758067
0.00040888070361688733,0.00040888070361688733,-0.0017270768294110894
0.0006533730193041265,0.0006533730193041265,-0.0016906475648283958
0.0008961951825767756,0.0008961951825767756,-0.0016544669633731246
-6.435155955841765e-05,-6.435155955841765e-05,-0.00177841167896986
0.00016354680701624602,0.00016354680701624602,-0.0017636315897107124
0.0017981934361159801,-0.0010419583413749933,-0.00012289868027437478
0.0018231463618576527,-0.000680601573549211,-0.0002549454220570624
0.0017981743440032005,-0.0003261232341174036,-0.00040003086905926466
0.0017260813619941473,1.34015081130201e-05,-0.0005542883300222456
0.001610995503142476,0.00033137918217107654,-0.0007187052397057414
0.0014578461414203048,0.000622763647697866,-0.000892548356205225
0.0012718760408461094,0.0008840328664518893,-0.00107384636066854
0.0010586667340248823,0.0035104751586914062,-0.0011582780862227082
0.0010772168170660734,0.0010772168170660734,-0.001627494813874364
0.0022415840066969395,0.0022415840066969395,-0.0014540040865540504
0.00218449835665524,0.00218449835665524,-0.0014625098556280136
0.002106679603457451,0.002106679603457451,-0.0014741048216819763
0.0020108353346586227,0.0020108353346586227,-0.0014883856056258082
0.0007018864271230996,0.0007018864271230996,-0.0016834192210808396
0.0005723345093429089,0.0005723345093429089,-0.0017027223948389292
0.00042330025462433696,0.00042330025462433696,-0.0017249283846467733
0.00025472522247582674,0.00025472522247582674,-0.001750046038068831
6.668448622804135e-05,6.668448622804135e-05,-0.0017780640628188848
-0.00014055133215151727,-0.00014055133215151727,-0.0017670579254627228
0.0008311665151268244,0.0008311665151268244,-0.0016641563270241022
0.00018421412096358836,0.00018421412096358836,-0.0017605521716177464
-0.0008522510761395097,-0.0008522510761395097,-0.0016610147431492805
-0.0011119592236354947,-0.0011119592236354947,-0.0016223181737586856
-0.001382474903948605,-0.001382474903948605,-0.001582010998390615
-0.0016608810983598232,-0.0016608810983598232,-0.0015405284939333797
-0.0019435351714491844,-0.0019435345893725753,-0.0014984133886173368
-0.0022261906415224075,-0.0022261906415224075,-0.0014562973519787192
-0.0025042486377060413,-0.0025042486377060413,-0.0014148666523396969
-0.0015756749780848622,-0.0015756749780848622,-0.0015532245161011815
-0.0006345510482788086,-0.0006345510482788086,-0.0016934520099312067
-0.003270294750109315,-0.003270294750109315,-0.0013007262023165822
-0.0010949558345600963,-0.0010949552524834871,-0.0016248517204076052
-0.001295652356930077,-0.001295652356930077,-0.0015949475346133113
-0.0011975503293797374,0.0011975503293797374,-0.0015380190452560782
-0.0011975490488111973,0.0011975503293797374,-0.001379357068799436
-0.001198060461319983,0.0011970389168709517,-0.0014335894957184792
-0.0011993646621704102,0.0011957180686295033,-0.001482583349570632
-0.00120170833542943,0.0011932826600968838,-0.0015269203577190638
-0.0012053382815793157,0.0011893558548763394,-0.0015672235749661922
0.0011846184497699142,-0.0012116217985749245,-0.0016041947528719902
0.0011776733445003629,0.0011749982368201017,0.001596481422893703
0.0011693501146510243,0.0011640250450000167,0.0015603877836838365
0.0011596656404435635,0.0011510062031447887,0.0015196468448266387
0.0011483549606055021,0.001136330422013998,0.001473630778491497
0.0011352014262229204,0.0011203575413674116,0.001421588589437306
0.0011200690641999245,0.0011034202761948109,0.0013625986175611615
0.0011029482120648026,0.0010858214227482677,0.0012955209240317345
0.0010839891619980335,-0.0013272905489429832,0.001218960853293538
0.001059565576724708,-0.0013450467959046364,0.0011671442771330476
0.0010290575446560979,-0.0013621067628264427,0.0011081951670348644
0.000992784509435296,-0.00137803191319108,0.0010415965225547552
-0.0014440679224207997,-0.001392427715472877,0.000966931227594614
-0.0014459514059126377,-0.0014459514059126377,-0.001572553301230073
-0.00147270318120718,-0.00147270318120718,-0.0015685673570260406
-0.0014988970942795277,-0.0014988970942795277,-0.0015646644169464707
-0.0015249395510181785,-0.0015249395510181785,-0.0015607840614393353
-0.001721265260130167,-0.001381365698762238,0.0007586340070702136
-0.0017890263115987182,-0.0013651615008711815,0.0007721367292106152
0.0005348015110939741,-0.0013429539976641536,0.0007879288168624043
0.0004612731863744557,-0.0013197195949032903,0.0008437697542831302
0.0003867256746161729,-0.0012961983447894454,0.0009030159562826157
-0.002082662656903267,-0.0012712377356365323,0.0009665788966231048
0.0002390289300819859,-0.0012401067651808262,0.0010001624468713999
0.0001687931944616139,-0.0012053906684741378,0.0010778249707072973
0.0001002931603579782,0.0012280213413760066,0.0010590411256998777
3.789901893469505e-05,0.0012708652066066861,0.0010382069740444422
-1.4116763850324787e-05,0.001318001770414412,0.001123283407650888
-5.861282261321321e-05,0.0013699221890419722,0.001105338567867875
-0.0005309879779815674,-0.0005309879779815674,-0.001708882860839367
0.0006779992836527526,0.0006779992836527526,-0.0016869783867150545
0.0006875217077322304,0.0006875217077322304,-0.0016855595167726278
0.0006944704218767583,0.0006944704218767583,-0.0016845240024849772
0.0006983053754083812,0.0006983053754083812,-0.001683952403254807
0.0006985855288803577,0.0006985855288803577,-0.0016839108429849148
0.0006949496455490589,0.0006949496455490589,-0.0016844526398926973
0.000687111634761095,0.000687111634761095,-0.0016856205184012651
-0.0005227017682045698,-0.0005227017682045698,-0.0017101175617426634
-0.0003026252961717546,-0.0007765162154100835,0.0013402263866737485
-0.00032477854983881116,-0.0007837593439035118,0.0013677995884791017
-0.00034517646417953074,0.001610456733033061,0.001341448281891644
0.0006276953499764204,0.0006276953499764204,-0.0016944736707955599
0.0006204021046869457,0.0006204021046869457,-0.0016955601749941707
0.0006080758757889271,0.0006080758757889271,-0.0016973966266959906
-0.0004127085267100483,-0.0008011495810933411,0.0013483819784596562
-0.000430872431024909,-0.0008139658020809293,0.0013561630621552467
-0.000633532996289432,-0.000633532996289432,-0.0016936036990955472
-0.0004660749400500208,0.0015666562831029296,0.0013794276164844632
0.00047571302275173366,0.0006032466772012413,-0.0016981165390461683
0.000490363861899823,0.0005613219691440463,-0.0017043629195541143
-0.0005151664954610169,-0.0008665812201797962,0.0013660052791237831
-0.0007083368254825473,-0.0007083368254825473,-0.0016824578633531928
0.0004570984747260809,0.00048026442527770996,-0.0017164405435323715
-0.000570389034692198,-0.0009393382351845503,0.0013622588012367487
-0.0005889844615012407,0.0014259731397032738,0.0013756249099969864
0.0002877640654332936,0.0005104482406750321,-0.0017119431868195534
0.00031603098614141345,0.0004372334515210241,-0.0017228523502126336
0.00034855841659009457,0.00034855841659009457,-0.0017360649071633816
0.00031500219483859837,0.00031500219483859837,-0.0017410649452358484
-0.0006673449533991516,0.0005018919473513961,0.0012921751476824284
0.00023965239233803004,0.00023965239233803004,-0.001752292038872838
0.0002002823312068358,0.0002002823312068358,-0.0017581582069396973
-0.0007003092905506492,-0.0013819849118590355,0.00030053607770241797
0.00011218428699066862,0.00011218428699066862,-0.001771284849382937
6.516694702440873e-05,6.516694702440873e-05,-0.0017782902577891946
1.534938746772241e-05,1.534938746772241e-05,-0.0017857130151242018
-3.624320015660487e-05,-3.624320015660487e-05,-0.0017825998365879059
-8.835554035613313e-05,-8.835554035613313e-05,-0.001774835167452693
-0.0006473732064478099,0.00036836625076830387,0.001105541130527854
-0.00018471360090188682,-0.00018471360090188682,-0.001760477782227099
-0.0002259588218294084,-0.0002259588218294084,-0.001754332217387855
-0.00026259542210027575,-0.00026259542210027575,-0.0017488733865320683
-0.00029251337400637567,-0.00029251337400637567,-0.0017444156110286713
-0.0003133845457341522,-0.0003133845457341522,-0.0017413058085367084
-0.0003226757107768208,-0.0003226757107768208,-0.0017399213975295424
-0.0003176867903675884,-0.0003176867903675884,-0.0017406647093594074
-0.0002955961099360138,-0.0002955961099360138,-0.0017439562361687422
-0.00025354148237966,-0.00025354148237966,-0.0017502224072813988
-0.00018871069187298417,-0.00018871069187298417,-0.0017598822014406323
-9.846806642599404e-05,-9.846806642599404e-05,-0.001773328403942287
-0.0011780577478930354,-0.0011780583299696445,-0.001612469437532127
-0.0010369253577664495,-0.0010369253577664495,-0.001633498235605657
0.00032138347160071135,0.00032138347160071135,-0.0017401139484718442
-0.0006964456988498569,-0.0006964456988498569,-0.0016842297045513988
0.0006970548420213163,0.0006970548420213163,-0.0016841389006003737
-0.00028973459848202765,-0.00028973459848202765,-0.0017448295839130878
-6.72531095915474e-05,-6.72531095915474e-05,-0.0017779794288799167
0.0001636373926885426,0.0001636373926885426,-0.0017636180855333805
4.3807031033793464e-05,4.3807031033793464e-05,-0.0017814728198572993
0.0006375384400598705,0.0006375384400598705,-0.0016930068377405405
-0.0003241980157326907,-0.0003241980157326907,-0.0017396946204826236
-9.442925511393696e-05,-9.442925511393696e-05,-0.0017739301547408104
0.00012519359006546438,0.00012519359006546438,-0.0017693463014438748
0.0016184067353606224,-0.0009567046072334051,-0.00021705601830035448
0.0005153774982318282,0.0005153774982318282,-0.001711208838969469
0.0015852689975872636,-0.00023203372256830335,-0.00039509794441983104
0.0015001380816102028,0.00012094021076336503,-0.000537477491889149
0.0013703894801437855,0.00045560122816823423,-0.000675922492519021
0.001200410071760416,0.0007663071155548096,-0.000812254729680717
0.0009952760301530361,0.001048669801093638,-0.000947371416259557
0.0007604348938912153,0.0012995469151064754,-0.0010814639972522855
0.0005014610360376537,0.001516925054602325,-0.0012142390478402376
0.00022386907949112356,0.0016998201608657837,-0.0013451228151097894
0.0008907461306080222,0.0008907461306080222,-0.0016552789602428675
0.0019891690462827682,0.0019891690462827682,-0.001491613918915391
0.001864130492322147,0.001864130492322147,-0.0015102446777746081
0.00171731470618397,0.00171731470618397,-0.0015321201644837856
0.0015519630396738648,0.0015519630396738648,-0.0015567576047033072
0.0013708508340641856,0.0013708508340641856,-0.0015837433747947216
0.0011762797366827726,0.0011762797366827726,-0.0016127346316352487
0.0009701561648398638,0.0009701561648398638,-0.0016434468561783433
0.0007541108061559498,0.0007541108061559498,-0.00167563755530864
-0.0006679284851998091,-0.0006679284851998091,-0.00168847874738276
-0.000905077438801527,-0.000905077438801527,-0.001653143553994596
-0.001155607751570642,-0.001155607751570642,-0.001615814515389502
-0.001417691120877862,-0.0014176905388012528,-0.001576764159835875
-0.0016887367237359285,-0.0016887367237359285,-0.0015363782877102494
-0.0017173540545627475,-0.0017173540545627475,-0.0015321143437176943
-0.0010452073765918612,-0.0010452067945152521,-0.0016322642331942916
-0.002514800988137722,-0.002514800988137722,-0.0014132943470031023
-0.0027773105539381504,-0.0027773105539381504,-0.0013741807779297233
-0.0025649452582001686,-0.0025649452582001686,-0.0014058229280635715
-0.002062029903754592,-0.002062029903754592,-0.0014807572588324547
-0.003474478144198656,-0.0034744786098599434,-0.0012703024549409747
-0.0012737035285681486,-0.0012737035285681486,-0.0015982178738340735
-0.0014506792649626732,-0.0014506792649626732,-0.0015718488721176982
-0.0016092025907710195,-0.0016092025907710195,-0.001548228901810944
0.0009052157402038574,0.0009052157402038574,0.0016531229484826326
-0.0011975490488111973,0.0011975503293797374,-0.001379357068799436
-0.001198060461319983,0.0011970389168709517,-0.0014335894957184792
-0.0011993646621704102,0.0011957180686295033,-0.001482583349570632
-0.00120170833542943,0.0011932826600968838,-0.0015269203577190638
-0.0012053382815793157,0.0011893558548763394,-0.0015672235749661922
0.0011846184497699142,-0.0012116217985749245,-0.0016041947528719902
0.0011776733445003629,0.0011749982368201017,0.001596481422893703
0.0011693501146510243,0.0011640250450000167,0.0015603877836838365
0.0011596656404435635,0.0011510062031447887,0.0015196468448266387
0.0011483549606055021,0.001136330422013998,0.001473630778491497
0.0011352014262229204,0.0011203575413674116,0.001421588589437306
0.0011200690641999245,0.0011034202761948109,0.0013625986175611615
0.0011029482120648026,0.0010858214227482677,0.0012955209240317345
0.0010839891619980335,-0.0013272905489429832,0.001218960853293538
0.001059565576724708,-0.0013450467959046364,0.0011671442771330476
0.0010290575446560979,-0.0013621067628264427,0.0011081951670348644
0.000992784509435296,-0.00137803191319108,0.0010415965225547552
-0.0014440679224207997,-0.001392427715472877,0.000966931227594614
-0.0014459514059126377,-0.0014459514059126377,-0.001572553301230073
-0.00147270318120718,-0.00147270318120718,-0.0015685673570260406
-0.0014988970942795277,-0.0014988970942795277,-0.0015646644169464707
-0.0015249395510181785,-0.0015249395510181785,-0.0015607840614393353
-0.001721265260130167,-0.001381365698762238,0.0007586340070702136
-0.0017890263115987182,-0.0013651615008711815,0.0007721367292106152
0.0005348015110939741,-0.0013429539976641536,0.0007879288168624043
0.0004612731863744557,-0.0013197195949032903,0.0008437697542831302
0.0003867256746161729,-0.0012961983447894454,0.0009030159562826157
-0.002082662656903267,-0.0012712377356365323,0.0009665788966231048
0.0002390289300819859,-0.0012401067651808262,0.0010001624468713999
0.0001687931944616139,-0.0012053906684741378,0.0010778249707072973
0.0001002931603579782,0.0012280213413760066,0.0010590411256998777
3.789901893469505e-05,0.0012708652066066861,0.0010382069740444422
-1.4116763850324787e-05,0.001318001770414412,0.001123283407650888
-5.861282261321321e-05,0.0013699221890419722,0.001105338567867875
-0.0005309879779815674,-0.0005309879779815674,-0.001708882860839367
0.0006779992836527526,0.0006779992836527526,-0.0016869783867150545
0.0006875217077322304,0.0006875217077322304,-0.0016855595167726278
0.0006944704218767583,0.0006944704218767583,-0.0016845240024849772
0.0006983053754083812,0.0006983053754083812,-0.001683952403254807
0.0006985855288803577,0.0006985855288803577,-0.0016839108429849148
0.0006949496455490589,0.0006949496455490589,-0.0016844526398926973
0.000687111634761095,0.000687111634761095,-0.0016856205184012651
-0.0005227017682045698,-0.0005227017682045698,-0.0017101175617426634
-0.0003026252961717546,-0.0007765162154100835,0.0013402263866737485
-0.00032477854983881116,-0.0007837593439035118,0.0013677995884791017
-0.00034517646417953074,0.001610456733033061,0.001341448281891644
0.0006276953499764204,0.0006276953499764204,-0.0016944736707955599
0.0006204021046869457,0.0006204021046869457,-0.0016955601749941707
0.0006080758757889271,0.0006080758757889271,-0.0016973966266959906
-0.0004127085267100483,-0.0008011495810933411,0.0013483819784596562
-0.0006224191165529191,-0.0006224191165529191,-0.0016952595906332135
-0.0004505127726588398,-0.0008308291435241699,0.0013554031029343605
-0.0004694706294685602,0.0015509837539866567,0.001377641106955707
0.0004680800484493375,0.0005914962384849787,-0.0016998669598251581
-0.0005065011791884899,-0.0005065011791884899,-0.0017125314334407449
0.0004781639436259866,0.0005153143429197371,-0.0017112180357798934
-0.0005379688809625804,-0.000913203926756978,0.0013641959521919489
0.000419456948293373,0.0004783534968737513,-0.001716725411824882
-0.0005746424430981278,-0.0009748744778335094,0.0013653708156198263
-0.0005922806449234486,0.0013892709976062179,0.0013772246893495321
0.00026091933250427246,0.0004970204900018871,-0.0017139442497864366
0.00029145716689527035,0.0004214334476273507,-0.0017252065008506179
0.00032846807152964175,0.00032846807152964175,-0.0017390585271641612
0.0002951633941847831,0.0002951633941847831,-0.0017440206138417125
-0.0006647825357504189,0.0011784594971686602,0.0012935417471453547
0.00022093892039265484,0.00022093892039265484,-0.0017550801858305931
-6.657362246187404e-05,-6.657362246187404e-05,-0.0017780805937945843
-0.0006906879134476185,0.0009698689100332558,0.0011902643600478768
9.90664993878454e-05,9.90664993878454e-05,-0.0017732389969751239
5.666613651555963e-05,5.666613651555963e-05,-0.0017795569729059935
-0.0008824968244880438,-0.0008824968244880438,-0.0016565080732107162
-3.655910404631868e-05,-3.655910404631868e-05,-0.0017825528047978878
-8.540391718270257e-05,-8.540391718270257e-05,-0.0017752748681232333
-0.00013405561912804842,-0.00013405561912804842,-0.001768025802448392
-0.0005830985028296709,0.00022132068988867104,0.0004557780921459198
-0.0002225446660304442,-0.0002225446660304442,-0.0017548409523442388
-0.0002591931843198836,-0.0002591931843198836,-0.0017493802588433027
-0.0002894497010856867,-0.0002894497010856867,-0.0017448720755055547
-0.000310952658765018,-0.000310952658765018,-0.0017416680930182338
-0.00013992548338137567,-0.0005023098201490939,0.0006073093391023576
-0.00031832815147936344,-0.00031832815147936344,-0.0017405692487955093
-0.0003013253153767437,-0.0003013253153767437,-0.001743102679029107
-0.00026671530213207006,-0.00026671530213207006,-0.0017482595285400748
-0.00021166325313970447,-0.00021166325313970447,-0.0017564622685313225
-0.00013338327698875219,-0.00013338327698875219,-0.001768126036040485
-2.9274226108100265e-05,-2.9274226108100265e-05,-0.0017836382612586021
0.00010293483501300216,0.00010293483501300216,-0.0017726628575474024
0.00026228188653476536,0.00026228188653476536,-0.0017489200690761209
0.00044262289884500206,0.00044262289884500206,-0.0017220493173226714
-0.0005556118558160961,-0.0005556118558160961,-0.0017052139155566692
-0.00033971667289733887,-0.00033971667289733887,-0.0017373822629451752
0.0010873079299926758,0.0010873079299926758,-0.0016259911935776472
0.00012939215230289847,0.00012939215230289847,-0.0017687206855043769
0.0010866511147469282,-0.0003341433475725353,-0.00029036522028036416
0.001319220056757331,-7.430792175000533e-05,-0.00016266608145087957
0.0015227127587422729,0.00021251202269922942,-0.0002878221566788852
0.0016925669042393565,-0.001877908711321652,-0.00038344666245393455
0.0018163227941840887,-0.0015608787070959806,-0.0005135193350724876
0.0018892717780545354,-0.0012408208567649126,-0.0006660207873210311
0.0019126737024635077,0.0014685713686048985,-0.0008369559072889388
0.0019033813150599599,0.0017724669305607677,-0.0009603778016753495
0.001869573607109487,-0.0003317022346891463,-0.0010663477005437016
0.0017998575931414962,-5.816936391056515e-05,-0.0012225834652781487
0.001693489495664835,0.00019316434918437153,-0.0013981673400849104
0.002185228979215026,0.002185228979215026,-0.0014624010073021054
0.001194565324112773,0.001194565324112773,-0.0016100098146125674
0.002209411934018135,0.002209411934018135,-0.0014587977202609181
0.0021915698889642954,0.0021915698889642954,-0.001461456180550158
0.0021559507586061954,0.0021559507586061954,-0.0014667634386569262
0.0009068453218787909,0.0009068453218787909,-0.0016528799897059798
0.00083767413161695,0.00083767413161695,-0.0016631867038086057
0.0007494938326999545,0.0007494938326999545,-0.0016763255698606372
0.0006418573902919888,0.0006418573902919888,-0.0016923632938414812
0.0005144905881024897,0.0005144905881024897,-0.0017113409703597426
0.00036729336716234684,0.00036729336716234684,-0.0017332733841612935
0.000200351481908001,0.000200351481908001,-0.0017581477295607328
1.3959407624497544e-05,1.3959407624497544e-05,-0.001785920117981732
-0.0001913452142616734,-0.0001913452142616734,-0.001759489648975432
-0.00041468144627287984,-0.00041468144627287984,-0.0017262125620618463
-0.0006548571400344372,-0.0006548571400344372,-0.0016904263757169247
-0.0009102725889533758,-0.0009102725889533758,-0.0016523691592738032
-0.0011788260890170932,-0.0011788260890170932,-0.001612355001270771
-0.0002603244793135673,-0.0002603244793135673,-0.0017492118058726192
-0.0005436348728835583,-0.0005436348728835583,-0.0017069984460249543
0.0003718996013049036,0.0003718996013049036,-0.001732586999423802
9.791612683329731e-05,9.791612683329731e-05,-0.0017734105931594968
-0.0013355922419577837,-0.0013355922419577837,-0.0015889968490228057
-0.0004032993456348777,-0.0004032993456348777,-0.0017279081512242556
-0.0006233358290046453,-0.0006233358290046453,-0.0016951230354607105
0.0011975503293797374,0.0011975503293797374,-0.0015380190452560782
-0.0011975490488111973,0.0011975503293797374,-0.001379357068799436
-0.001198060461319983,0.0011970389168709517,-0.0014335894957184792
-0.0011993646621704102,0.0011957180686295033,-0.001482583349570632
-0.00120170833542943,0.0011932826600968838,-0.0015269203577190638
-0.0012053382815793157,0.0011893558548763394,-0.0015672235749661922
0.0011846184497699142,-0.0012116217985749245,-0.0016041947528719902
0.0011776733445003629,0.0011749982368201017,0.001596481422893703
0.0011693501146510243,0.0011640250450000167,0.0015603877836838365
0.0011596656404435635,0.0011510062031447887,0.0015196468448266387
0.0011483549606055021,0.001136330422013998,0.001473630778491497
0.0011352014262229204,0.0011203575413674116,0.001421588589437306
0.0011200690641999245,0.0011034202761948109,0.0013625986175611615
0.0011029482120648026,0.0010858214227482677,0.0012955209240317345
0.0010839891619980335,-0.0013272905489429832,0.001218960853293538
0.001059565576724708,-0.0013450467959046364,0.0011671442771330476
0.0010290575446560979,-0.0013621067628264427,0.0011081951670348644
0.000992784509435296,-0.00137803191319108,0.0010415965225547552
-0.0014440679224207997,-0.001392427715472877,0.000966931227594614
-0.0014459514059126377,-0.0014459514059126377,-0.001572553301230073
-0.00147270318120718,-0.00147270318120718,-0.0015685673570260406
-0.0014988970942795277,-0.0014988970942795277,-0.0015646644169464707
-0.0015249395510181785,-0.0015249395510181785,-0.0015607840614393353
-0.001721265260130167,-0.001381365698762238,0.0007586340070702136
-0.0017890263115987182,-0.0013651615008711815,0.0007721367292106152
0.0005348015110939741,-0.0013429539976641536,0.0007879288168624043
0.0004612731863744557,-0.0013197195949032903,0.0008437697542831302
0.0003867256746161729,-0.0012961983447894454,0.0009030159562826157
-0.002082662656903267,-0.0012712377356365323,0.0009665788966231048
0.0002390289300819859,-0.0012401067651808262,0.0010001624468713999
0.0001687931944616139,-0.0012053906684741378,0.0010778249707072973
0.0001002931603579782,0.0012280213413760066,0.0010590411256998777
3.789901893469505e-05,0.0012708652066066861,0.0010382069740444422
-1.4116763850324787e-05,0.001318001770414412,0.001123283407650888
-5.861282261321321e-05,0.0013699221890419722,0.001105338567867875
-0.0005309879779815674,-0.0005309879779815674,-0.001708882860839367
0.0006779992836527526,0.0006779992836527526,-0.0016869783867150545
0.0006875217077322304,0.0006875217077322304,-0.0016855595167726278
0.0006944704218767583,0.0006944704218767583,-0.0016845240024849772
0.0006983053754083812,0.0006983053754083812,-0.001683952403254807
0.0006985855288803577,0.0006985855288803577,-0.0016839108429849148
0.0006949496455490589,0.0006949496455490589,-0.0016844526398926973
0.000687111634761095,0.000687111634761095,-0.0016856205184012651
-0.0005227017682045698,-0.0005227017682045698,-0.0017101175617426634
-0.0003026252961717546,-0.0007765162154100835,0.0013402263866737485
-0.00032477854983881116,-0.0007837593439035118,0.0013677995884791017
-0.00034517646417953074,0.001610456733033061,0.001341448281891644
0.0006276953499764204,0.0006276953499764204,-0.0016944736707955599
0.0006204021046869457,0.0006204021046869457,-0.0016955601749941707
0.0006080758757889271,0.0006080758757889271,-0.0016973966266959906
-0.0004127085267100483,-0.0008011495810933411,0.0013483819784596562
-0.0006224191165529191,-0.0006224191165529191,-0.0016952595906332135
-0.0004505127726588398,-0.0008308291435241699,0.0013554031029343605
-0.00046947001828812063,-0.0008441162062808871,0.001377641106955707
-0.00048653839621692896,0.0015450036153197289,0.0014064564602449536
0.0003343010030221194,0.0007118630455806851,-0.0016819324810057878
0.00033160208840854466,0.0006970608374103904,-0.0016841376200318336
0.0003480088780634105,0.0006524884956888855,-0.0016907791141420603
0.0003817200777120888,0.0005797326448373497,-0.001701619941741228
-0.0005598795250989497,-0.0009237885242328048,0.001370917190797627
-0.0005763769149780273,-0.0009539616294205189,-0.001386849908158183
0.0003152346471324563,0.0004980671219527721,-0.0017137882532551885
-0.0006115245632827282,0.0013630508910864592,0.0013745753094553947
0.0002686047519091517,0.00042615889105945826,-0.0017245024209842086
0.00031606078846380115,0.00031606078846380115,-0.001740907086059451
-0.0006554609281010926,-0.0011806678958237171,0.0013123356038704515
0.00024429798941127956,0.00024429798941127956,-0.0017515997169539332
0.00020628095080610365,0.00020628095080610365,-0.0017572642536833882
-0.0006908100913278759,0.0010185056598857045,0.0012452416121959686
0.00012403607252053916,0.00012403607252053916,-0.0017695187125355005
8.227586658904329e-05,8.227586658904329e-05,-0.0017757409950718284
3.715872662723996e-05,3.715872662723996e-05,-0.0017824636306613684
-0.0006893700337968767,0.0006685089902020991,0.001108715427108109
-5.4676533181918785e-05,-5.4676533181918785e-05,-0.001779853249900043
-9.873151429928839e-05,-9.873151429928839e-05,-0.0017732890555635095
-0.00014299034955911338,-0.00014299034955911338,-0.001766694476827979
-0.00018599271425046027,-0.00018599271425046027,-0.0017602872103452682
-0.0002260530018247664,-0.0002260530018247664,-0.0017543182475492358
-0.0002612567041069269,-0.0002612567041069269,-0.0017490728059783578
-0.0002894568315241486,-0.0002894568315241486,-0.0017448710277676582
-0.0003082788025494665,-0.0003082788025494665,-0.0017420665826648474
-0.0025094926822930574,-0.0005158984567970037,-1.0281995855621062e-05
3.5514833143679425e-05,-0.0006510114762932062,0.0007071843137964606
-0.00028652907349169254,-0.00028652907349169254,-0.0017453072359785438
-0.0002501893031876534,-0.0002501893031876534,-0.0017507219454273582
-0.000194884545635432,-0.000194884545635432,-0.001758962287567556
-0.00011791587166953832,-0.00011791587166953832,-0.001770430593751371
-1.672744838288054e-05,-1.672744838288054e-05,-0.001785507658496499
0.00011095046647824347,0.00011095046647824347,-0.001771468436345458
0.0002665960928425193,0.0002665960928425193,-0.0017482772236689925
0.00044457672629505396,0.00044457672629505396,-0.0017217581626027822
0.0006413722294382751,0.0006413722294382751,-0.0016924355877563357
-0.00034296393278054893,-0.00034296393278054893,-0.0017368984408676624
-0.00011600732977967709,-0.00011600732977967709,-0.0017707149963825941
0.00012143969797762111,0.00012143969797762111,-0.0017699055606499314
0.001022558193653822,-0.00029081583488732576,-0.00030204825452528894
0.0012552061816677451,-2.7869642508449033e-05,-0.00044608244206756353
0.0014548158505931497,0.0002561652800068259,-0.00033122175955213606
0.0016232180641964078,-0.0005335569148883224,-0.0004307457711547613
0.0017524361610412598,-0.0015154504217207432,-0.0005305681843310595
0.0018334770575165749,-0.0011911130277439952,-0.0006582356290891767
0.0018647074466571212,0.0015256893821060658,-0.0008021848043426871
0.0018623304786160588,-0.0005565881729125977,-0.0008982276194728911
0.0018199407495558262,0.0021380484104156494,-0.0010422709165140986
0.0017518472159281373,2.4776458303676918e-05,-0.001141094253398478
0.0016513931332156062,0.00028642595862038434,-0.0012886939803138375
0.0015179193578660488,0.0005254113930277526,-0.0014050184981897473
0.0016838848823681474,0.0016838848823681474,-0.0015371014596894383
0.0010486174141988158,0.0010486174141988158,-0.001631756080314517
0.0022253000643104315,0.0022253000643104315,-0.0014564304146915674
0.0021833486389368773,0.0021833486389368773,-0.001462681102566421
0.0009253823664039373,0.0009253823664039373,-0.001650117919780314
0.0008451509638689458,0.0008451509638689458,-0.001662072609178722
0.000743975630030036,0.000743975630030036,-0.001677147694863379
0.000621633545961231,0.000621633545961231,-0.0016953767044469714
0.0004780423769261688,0.0004780423769261688,-0.0017167717451229692
0.0003132641431875527,0.0003132641431875527,-0.0017413237364962697
0.00012752294423989952,0.00012752294423989952,-0.001768999150954187
-7.875919254729524e-05,-7.875919254729524e-05,-0.0017762649804353714
-0.0003048765647690743,-0.0003048765647690743,-0.0017425734549760818
-0.0005497753736563027,-0.0005497753736563027,-0.0017060835380107164
-0.0008120227139443159,-0.0008120227139443159,-0.0016670087352395058
-0.0010896754683926702,-0.0010896754683926702,-0.0016256384551525116
-0.0013801694149151444,-0.0013801694149151444,-0.0015823545400053263
-0.000482692732475698,-0.000482692732475698,-0.0017160788411274552
-0.0019836414139717817,-0.0019836414139717817,-0.0014924375573173165
-0.0022864043712615967,-0.0022864043712615967,-0.0014473258052021265
-0.002584826899692416,-0.002584826899692416,-0.001402860856615007
-0.0016767453635111451,-0.0016767453635111451,-0.0015381650300696492
-0.0019545149989426136,-0.0019545149989426136,-0.0014967774040997028
-0.0010195993818342686,-0.0010195993818342686,-0.0016360797453671694
0.0009052157402038574,0.0009052157402038574,0.0016531229484826326
-0.0011975490488111973,0.0011975503293797374,-0.001379357068799436
-0.001198060461319983,0.0011970389168709517,-0.0014335894957184792
-0.0011993646621704102,0.0011957180686295033,-0.001482583349570632
-0.00120170833542943,0.0011932826600968838,-0.0015269203577190638
-0.0012053382815793157,0.0011893558548763394,-0.0015672235749661922
0.0011846184497699142,-0.0012116217985749245,-0.0016041947528719902
0.0011776733445003629,0.0011749982368201017,0.001596481422893703
0.0011693501146510243,0.0011640250450000167,0.0015603877836838365
0.0011596656404435635,0.0011510062031447887,0.0015196468448266387
0.0011483549606055021,0.001136330422013998,0.001473630778491497
0.0011352014262229204,0.0011203575413674116,0.001421588589437306
0.0011200690641999245,0.0011034202761948109,0.0013625986175611615
0.0011029482120648026,0.0010858214227482677,0.0012955209240317345
0.0010839891619980335,-0.0013272905489429832,0.001218960853293538
0.001059565576724708,-0.0013450467959046364,0.0011671442771330476
0.0010290575446560979,-0.0013621067628264427,0.0011081951670348644
0.000992784509435296,-0.00137803191319108,0.0010415965225547552
-0.0014440679224207997,-0.001392427715472877,0.000966931227594614
-0.0014459526864811778,-0.0014459526864811778,-0.0015725531848147511
-0.00147270318120718,-0.00147270318120718,-0.0015685673570260406
-0.0014988970942795277,-0.0014988970942795277,-0.0015646644169464707
-0.0015249395510181785,-0.0015249395510181785,-0.0015607840614393353
-0.001721265260130167,-0.001381365698762238,0.0007586340070702136
-0.0017890263115987182,-0.0013651615008711815,0.0007721362635493279
0.0005348015110939741,-0.0013429539976641536,0.0007879288750700653
0.0004612731863744557,-0.0013197195949032903,0.0008437698124907911
0.00038672686787322164,-0.0012961977627128363,0.0009030159562826157
-0.002082662656903267,-0.0012712377356365323,0.0009665788966231048
0.00023903131659608334,-0.0012401067651808262,0.001000162330456078
0.00016570091247558594,-0.0012044429313391447,0.0009610228007659316
9.715318446978927e-05,0.0012292921310290694,0.001056566252373159
3.469586226856336e-05,0.0012718236539512873,0.0010357275605201721
-1.738548235152848e-05,0.0013186144642531872,0.0011212165700271726
-6.197571929078549e-05,0.0013701623538509011,0.0011032364564016461
-0.0005328106926754117,-0.0005328106926754117,-0.0017086112638935447
0.0006758761592209339,0.0006758761592209339,-0.0016872945707291365
0.0006850516656413674,0.0006850516656413674,-0.001685927389189601
0.0006916165584698319,0.0006916165584698319,-0.001684949267655611
0.0006950306706130505,0.0006950306706130505,-0.0016844405326992273
0.0006948554655537009,0.0006948554655537009,-0.0016844664933159947
0.0006907379720360041,0.0006907379720360041,-0.0016850800020620227
0.0006823944859206676,0.0006823944859206676,-0.0016863233176991343
-0.000527945754583925,-0.000527945754583925,-0.001709336182102561
-0.0003080952155869454,-0.0007826054352335632,0.0013401019386947155
-0.00033040999551303685,-0.0007907759863883257,0.0013679902767762542
-0.0003509831440169364,0.0016025006771087646,0.0013422465417534113
0.0006202376098372042,0.0006202376098372042,-0.0016955845057964325
0.0006123590283095837,0.0006123590283095837,-0.0016967585543170571
0.0005994439125061035,0.0005994439125061035,-0.0016986828995868564
-0.0004189407918602228,-0.0008133518858812749,0.0013520222855731845
-0.000632219307590276,-0.000632219307590276,-0.0016937993932515383
-0.0004565572598949075,-0.0008455014321953058,0.0013608380686491728
-0.00047530949814245105,0.0015350067988038063,0.0013835730496793985
0.00042999626020900905,0.0006066358182579279,-0.0016976111801341176
0.00044044613605365157,0.0005675816792063415,-0.0017034305492416024
0.00046584606752730906,0.0005027162842452526,-0.0017130952328443527
-0.000541043293196708,-0.0009358692332170904,0.0013527796836569905
-0.0005587315536104143,-0.0009652638691477478,0.0013515135506168008
0.00041594146750867367,0.00041594146750867367,-0.0017260247841477394
-0.0005935728549957275,0.0013801413588225842,0.0013532318407669663
0.00035912037128582597,0.00038706540362909436,-0.001730327494442463
-0.0008477485389448702,-0.0008477485389448702,-0.0016616855282336473
0.0003211891744285822,0.0003211891744285822,-0.001740142935886979
0.0002872479090001434,0.0002872479090001434,-0.0017452000174671412
-0.0006722318939864635,0.001168793416582048,0.0012751930626109242
0.00021172880951780826,0.00021172880951780826,-0.0017564527224749327
0.00017258166917599738,0.00017258166917599738,-0.0017622854793444276
0.00012904524919576943,0.00012904524919576943,-0.001768772373907268
-0.0007039367919787765,0.0008675301214680076,0.0011414315085858107
3.736138387466781e-05,3.736138387466781e-05,-0.0017824331298470497
-0.0012057352578267455,-0.0012057352578267455,-0.0016083455411717296
-5.5646894907113165e-05,-5.5646894907113165e-05,-0.001779708662070334
-0.00010413170093670487,-0.00010413170093670487,-0.0017724845092743635
